AAA19033.1,9986,Oryctolagus cuniculus,110,MASLAALLPLLALLVLCRLDPAQAFVNQHLCGSHLVEALYLVCGERGFFYTPKSRREVEELQVGQAELGGGPGAGGLQPSALELALQKRGIVEQCCTSICSLYQLENYCN
AAA37041.1,10141,Cavia porcellus,110,MALWMHLLTVLALLALWGPNTNQAFVSRHLCGSNLVETLYSVCQDDGFFYIPKDRRELEDPQVEQTELGMGLGAGGLQPLALEMALQKRGIVDQCCTGTCTRHQLQSYCN
AAA40590.1,10160,Octodon degus,109,MAPWMHLLTVLALLALWGPNSVQAYSSQHLCGSNLVEALYMTCGRSGFYRPHDRRELEDLQVEQAELGLEAGGLQPSALEMILQKRGIVDQCCNNICTFNQLQNYCNVP
AAA59172.1,9606,Homo sapiens,110,MALWMRLLPLLALLALWGPDPAAAFVNQHLCGSHLVEALYLVCGERGFFYTPKTRREAEDLQVGQVELGGGPGAGSLQPLALEGSLQKRGIVEQCCTSICSLYQLENYCN
AAB60625.1,9940,Ovis aries,105,MALWTRLVPLLALLALWAPAPAHAFVNQHLCGSHLVEALYLVCGERGFFYTPKARREVEGPQVGALELAGGPGAGGLEGPPQKRGIVEQCCAGVCSLYQLENYCN
ANZ78570.1,129788,Ruditapes philippinarum,115,MNIYLPALWTIFLTTYLVSAKHDRWCSPNSIPSGKCGRHLDELLGTTCGRGGFYSPDSSSDNFLPGKRNPLGEVLLGKREANMYLEKRRDYFYQGIVCECCIHQCTILELKSYCT
ATG85034.1,89426,Conus lividus,128,MTTLSYFLLVALGLLLYVCRSSFGTEHTCEPYASPHPQGVCGQELTGLHELICEAEENFHGGTGKKRGRDSPLRKRRGFHSMLKARAKRNEASPLQRSVQGISCECCKNHCTFEEITEYCPPVTEGSG
BAE96120.1,41447,Seriola dumerili,116,MAALWLQSVSLLVLLIVSWPGSQAVAPPQHLCGSHLVDALYLVCGDRGFFYNPKRDVDPLLGFLPPKAGGAAAAGGENEVAEFAFKDQMEMMVKRGIVEQCCHKPCNIFDLQNYCN
BAS32697.1,146911,Gekko japonicus,98,MTFWIRSLPLLALIAVLAPIASHASPNYYLCGRQLVDSLNLICGDRGFYWGPRERRNIEESLARGMEALSFQPQDKRGIVEECCVNICPLHVLENYCN
BAS32699.1,36310,Gekko gecko,100,MTFWIRSLPLLALIAVLAPIASHAFPSQYLCGRQLVDALILVCGDRGFYWGPKERRNIEESLANGVEALSFQPQDMKKRGIVEQCCDSICPLYVLESYCN
BAS32700.1,1085617,Gekko badenii,100,MTFWIRSLPLLALIAVLAPFASHAFPSQYLCGRQLVDALILVCGDRGFYWGPKERRSIEESLANGVEALSFQPQEMKRRGIVEQCCDNICPLYVLESYCN
BAS32716.1,481883,Eublepharis macularius,101,MAFWIRSLPLLVLLAVLAPPASHAFPSQRLCGPHLVEALYLVCGERGFYYAPKARRSIEEPLANGVEALSFQPQEFQKKRGIVQQCCENTCSLYELESYCN
BAS32717.1,449391,Coleonyx mitratus,101,MALWVRSLPLLALLAVLAPPASLAFPSQRLCGPHLVEALYLVCGERGFYYAPKARRSIEESLANGVEALSFQPHALLKKRGIVEQCCDNTCTLYELESYCN
CAC20109.1,7955,Danio rerio,108,MAVWIQAGALLVLLVVSSVSTNPGTPQHLCGSHLVDALYLVCGPTGFFYNPKRDVEPLLGFLPPKSAQETEVADFAFKDHAELIRKRGIVEQCCHKPCSIFELQNYCN
ELK28555.1,225400,Myotis davidii,168,MALWTRLLPLLALLALWAPAPAQAFVNQHLCGSHLVEALYLVCGERGFFYTPKDRRELPDPQGESSPLTPRSHPKGTGYLASVDPSQSQDQHLCGDELVNALTITCGDRGFYNPMAPLEQDDLQEEEVEMDEGGLQALTLEGLLQKRGIVEECCTNVCSLYQLERYCN
ETE64549.1,8665,Ophiophagus hannah,103,MALWIRSLPLLLLLAVSAPSQAAPNQRLCGSHLVEALFLICGERGFYYSPRARRNIEQPLVNVPLSNEVEVPLQEIQKIQKRGIVEQCCENTCSLYELENYCN
GFR87518.1,1093978,Elysia marginata,177,MQTPWTCFVKCCVVLATTALLILSLQTKGSEAGLMHICDFNQRRPHPNGICGRRLPLVLAGLCHRFTMLMRNSGSAKTTRKRSAAASASDMELSNDLLQDKEDQMQLLAPIIKDMTPGDEAATGPTKDQLESIFLDKKSALGYLAKRDDSGDIVCECCYHQCSVLELLQYCELPANL
KAB1251309.1,9838,Camelus dromedarius,110,MALWTRLLALLALLALGAPTPARAFANQHLCGSHLVEALYLVCGERGFFYTPKARREVEDTQVGGVELGGGPGAGGLQPLGPEGRPQKRGIVEQCCASVCSLYQLENYCN
KAF6739484.1,30732,Oryzias melastigma,113,MAALWLQTFSLLCLLIVSFPGSRAIPPQHLCGSHLVEALYLVCGDRGFFYNPKRDVDPLAGFLSPKMGGATGTGNEVAEFAFKDQMEMMVKRGIVEQCCHKPCNLFDLENYCN
KAG3284408.1,43179,Ictidomys tridecemlineatus,110,MALWTRLLPLLALLALLGPDPAQAFVNQHLCGSHLVEALYLVCGERGFFYTPKSRREVEEQQGGQVELGGGPGAGLPQPLALEMALQKRGIVEQCCTSICSLYQLENYCN
KAG8008419.1,240163,Nibea albiflora,116,MAALWLQSFSLLVLMIVSWPGSQAITAPQHLCGSHLVDALYMVCGERGFFYNPKRDVDHLLSFLPPKAGGAEAAGGDNEVAELAFKDQMEMIVKRNILQNCCHNPCTLLDLANYCT
KAG8522541.1,202257,Galemys pyrenaicus,109,MAPWTRLLPLLALLALWAPRPAPAFVNQHLCGSHLVEALYLVCGERGFFYTPKARRELGDPQVEEVSLGGGAGTGGAPLGLEGPPQKRGIVEQCCTSICSLYQLENYCN
KAH0508191.1,79684,Microtus ochrogaster,110,MALWMRLLPLLALLVLWEPNPAQAFVNQHLCGSHLVEALYLVCGERGFFYTPKSRRGVENPQVAQLELGGGPGAGDLQTLALEVAQQKRGIVDQCCTSICSLYQLENYCX
PFX28301.1,50429,Stylophora pistillata,115,MMKDSFLWIIVPLLAIVLGLEAVPGSRFFKANEDGSRRIDGHVCGDHIIDVYYTLCFGEFAGKTKRRSPLMEEKKALSFIHSKSTGILRKARSATTIVEECCREGCTIGEFMEYC
QLH02053.1,7959,Ctenopharyngodon idella,108,MAVWLQAGALLFLLAVSSVNANAGAPQHLCGSHLVDALYLVCGPTGFFYNPKRDVDPLMGFLPPKSAQETEVADFAFKDHAELIRKRGIVEQCCHKPCSIFELQNYCN
VDH99901.1,29158,Mytilus galloprovincialis,141,MPRYAVWLLVFVFVIYAFIWPVLAGFEKYCMSQTERYGGHKDGICGDELSLVVTLVCEGKFSLPKKRSVDHKNSNEDIFPRFSPLQGQILGKRNALSYLGKSKRFYDLWKFVPRNSVCECCYNHCSLDELSQYCLFDKKDS
XP_002198969.2,59729,Taeniopygia guttata,137,MGTLLPTIFIPQSELLSISCCHLLGLSLSTMALWIRSLPLLALLAVSGPGSSHGAVNQHLCGSHLVEALYLVCGERGFFYQPKARRDVEQPLVSGPLHGELGELPFQQEEFETVKRGIVEQCCHNTCSLYQLENYCN
XP_004654275.1,51337,Jaculus jaculus,110,MTLWTRLLPLLALLALWGADPAQAFVNQHLCGSHLVEALYLVCGERGFFYTPKSRREVEDPQAGQLELGGGPGAGGPQSLALELAPQKRGIVDQCCTSICSLYQLENYCN
XP_004717235.1,9371,Echinops telfairi,108,MACWFCLLPLLALLLTGGPHPARAIVNQHLCGSHLVEALYLVCGERGFFYTPKTRRALDEQQVGEAGPGAGGLQPFAGEGPASRQQRGIVEQCCTSLCSLYQLENYCN
XP_004759728.2,9669,Mustela putorius furo,109,MALWMRILPLLALLALWAPAPTAAFVNQHLCGSHLVEALYLVCGERGFFYTPKARREAEDLQARDSELGGAPGAGGLALGLEGALQKRGIVEQCCTSICSLYQLENYCN
XP_005916546.2,8153,Haplochromis burtoni,129,MFVYEVLFFALCSSGLPRMARVSWAVSMLLLLMLCSPGGSSVPLKHLCGSHLVDALYFVCGERGFFYNPSRTHKRDVEHLLGFLSKRARQDQRLWRALSGRDEPKVKRGIVEQCCHKPCSIYHLEGYCD
XP_006051533.1,89462,Bubalus bubalis,105,MALWTRLVPLLALLALWAPAPARAFVNQHLCGSHLVEALYLVCGERGFFYTPKARREVEGPQVGALELAGGPGAGGLEGPPQKRGIVEQCCASVCSLYQLENYCN
XP_006977353.1,230844,Peromyscus maniculatus bairdii,110,MALWMRLLPLLALLVLWEPKPAQAFVNQHLCGSHLVEALYLVCGERGFFYTPKSRRGVEDPQVAQLELGGGPGAGDLQTLALEVAQQKRGIVDQCCTSICSLYQLENYCN
XP_007063026.1,8469,Chelonia mydas,107,MALWIQSLPLLALLALSGLTISHAAANQHLCGSHLVEALYLVCGERGFFYSPKARRDLEQPLANGHLQNAVEELPFQQQEYQQEKRGIVEQCCHSTCSLYQLENYCN
XP_007902984.1,7868,Callorhinchus milii,113,MMLWNRFGFVALLMALSGPKPSETVPTQRLCGSHLVDALYFVCGERGFFYSPKQIRDVGPLSAFRDLEPPLDTEMEDRFPHRQQLAGSKMKRGIVEQCCHNTCSLVNLEGYCN
XP_010329449.1,39432,Saimiri boliviensis boliviensis,108,MALWMHLLPLLALLALWGPEPAPAFVNQHLCGPHLVEALYLVCGERGFFYAPKTRREAEDPQVGQAELGGGSITGSLSSLEGLLQKRGVVDQCCTSICSLYQLQNYCN
XP_010395059.2,932674,Corvus cornix cornix,137,MGTLLPTIFIPQTELLFTSCCHLLGLTLPTMALWIRSLPLLALLALSGPGSSHAAVSQHLCGSHLVEALYLVCGERGFFYQPKARRDVEQPLVSGPLHGELGELPFQQEEFEKVKRGIVEQCCHNTCSLYQLENYCD
XP_011213888.1,27457,Bactrocera dorsalis,127,MMFPKHTVNFPNLLCLSLVVISFVFCVELSPHCTEALPLLPGGSNDVEFKRYCSTNLSDAIRLICGGRYYSLSRKFPDSVGMGHVSSLKRLAGEEGEYRQPFQGAIHECCRRPCGYPELKSYCEPDY
XP_012683874.3,7950,Clupea harengus,196,MRRTICVRQALISSDGCLLMLLFFSADLWGKRLLAGPCCWRYIRPELLMFILSLLLHLHPEEHLHLHLHLHPSTQPTVAMALWFQTAALLIMVALSSTGGETAAAQHLCGSHLVDALYLVCGEQGFFYNPKREADPIQGFLQPKSGQENEVAEYPYKDMGEMIVKRGIVVRGIVEQCCHKPCNIFELQNYCASLRS
XP_012968060.1,10036,Mesocricetus auratus,110,MTLWMRLLPLLALLVLWEPNPAQAFVNQHLCGSHLVEALYLVCGERGFFYTPKSRRGVEDPQVAQLELGGGPGADDLQTLALEVAQQKRGIVDQCCTSICSLYQLENYCN
XP_014053670.1,8030,Salmo salar,139,MGGESVLPQPTFPSAFLLLFYRASSPPPPQPIINMALWLQAVSLLVLLALYPGADAAAAQHLCGSHLVDALYLVCGEKGFFYNPKRDVDPLTGFLFPKSAQEVAEYPFKDQMDMMVKRGIVEQCCHKPCNIFDLQNYCN
XP_015289666.1,9541,Macaca fascicularis,110,MALWMRLLPLLALLALWGPDPAPAFVNQHLCGSHLVEALYLVCGERGFFYTPKTRREAEDPQVGQVELGGGPGAGSLQPLALEGSLQKRGIVEQCCTSICSLYQLENYCN
XP_020714387.1,7213,Ceratitis capitata,127,MKFPEQTLSFPNLLCLSFVVISLVFCVELSPHCTEALPLLPGGSTEVEFKRYCSTNLSDAIRLICGGRYYSLSRKFPDSVGMAQVSSLKRLAGEDGEYRQPFQGAIHECCRRPCGYSELKSYCDPDY
XP_021540854.1,29088,Neomonachus schauinslandi,110,MALWTHLLPLLALLALWAPAPSRAFVNQHLCGSHLVEALYLVCGERGFFYTPKARREVEDPQARALELGGAPGTGGLQPLALEGALQKRGIVEQCCTSICSLYQLENYCN
XP_021954597.1,158441,Folsomia candida,172,MMASKMNLAVVLISVVVVMIVGSVTSFDLRSEPESHVKQTRSIVSMDVSQPHQPIQVCGLRLLDAVRAICRNRGGYVMTRRSDPSLLAPLYEELEIPMSNSLDEASQYPNDAFASENGVDFPDSGDLWSNARAYKALTESKGAHPRVRRNIIDECCKRPCNPHQMVKYCGRA
XP_023957939.1,8478,Chrysemys picta bellii,107,MALWIRSLPLLALLALSGPPISHAAANQHLCGSHLVEALYLVCGERGFFYSPKARRDLEQPLVNGHLQNSVEELPFQQQEYQQDKRGIVEQCCHNTCSLYQLENYCN
XP_024289867.1,74940,Oncorhynchus tshawytscha,105,MAFWLQAASLLVLLALSPGADAAAAQHLCGSHLVDALYLVCGEKGFFYNPKRDVDPLIGFFSPKSAKENEEYPFKDQMEMMVKRGIVEQCCHKPCNIFDLQNYCN
XP_026338704.1,116960,Ursus arctos horribilis,109,MALWTRLLPLLALLAFWAPVPARTFVNQHLCGSHLVEALYLVCGERGFFYTPKARREVEDLPVRDARPEGVPGADPQPRALAGALQRRGIVEQCCTSICSLYQLENYCN
XP_028898058.1,28588,Zeugodacus cucurbitae,127,MMFPQHTVNFPNLICFSLVVISFVLCVTLTPHCTEAIPLLAGGSNDVEFKRYCSTNLSDAIRLICGGRYYSLSRKFPDSVGMGHVSSLKRLAGEEGEYRQPFQGAIHECCRRPCGYPELKSYCDPDY
XP_028915363.1,9258,Ornithorhynchus anatinus,106,MALWVTVLPLLALLALSMPAPGGAFPNQHLCGSHLVEALYLVCGEKGFYYIPRGRRDAEEPVVRGLLQNGLNDLEFPSDLQVGKRGIVEECCKGVCSMYQLENYCN
XP_031615350.1,47969,Oreochromis aureus,113,MAALWLQTFSLLVLMMVSWPGSQAVGGPQHLCGSHLVDALYLVCGDRGFFYNPRRDVDPLLGFLPPKAGGAVVQGGENEVTFKDQMEMMVKRGIVEECCHKPCTIFDLQNYCN
XP_032894479.1,386614,Amblyraja radiata,114,MMFWSQIVLVCALIIFACPKGLETLPSQHLCGSHLVDALYFVCGPKGFYYLPKAKRGQEEFLELRGGEESTQENEAEQQFPFHKLLGRMIKRGIVEHCCHSTCSLFDLEGYCNQ
XP_032919433.1,91951,Catharus ustulatus,107,MALWIRSLPLLALLALSSPGGSQAAVNQHLCGSHLVEALYLVCGERGFFYQPKARRDVEQPLVSGPLHGELGELPFQQEEFEKVKRGIVEQCCHNTCSLYQLENYCN
XP_035017551.1,195615,Hippoglossus stenolepis,111,MARVPCAVSLMLLLVLYSHGVSPAPAQHLCGSHLVDALYFVCGERGFFFSPNRLYKRDLEHLLGFLSKRARQEHQPRRTLSGRIEPKVKRGIVEQCCHKPCSIHHLEGYCN
XP_035483039.1,52904,Scophthalmus maximus,123,MAALWLYNVSLLVLLVTSFPGSQAIAAQHLCGAHLVEALYLVCGERGFIYQPRSDNSALRLLPPMAGRAVSVGGEKKLSEFAFQDQMEMMAKRTILDRCCHRPCNLFELEEFCHPPASSDTSA
XP_036227253.1,104688,Bactrocera oleae,141,MLWPTLTMWRFQLKMMFPKHTVNFPNLLCLSLVVISFVFCVELSPHCTEALPLLPGGSNDVEFKRYCSTNLSDAIRLICGGRYYSLSRKFPDSVGMGHVSSLKRLAGEEGEYRQPFQGAIHECCRRPCGYPELKSYCEPDN
XP_036903723.1,192404,Sturnira hondurensis,110,MALWMRLLPLLALLALWAPAPAQAFVNQHLCGSHLVEALYLVCGERGFFYTPKARREAQDPPAGEVELGGGPGAGGLQSLVLERALQKRGIVDQCCTSICSLYQLENYCN
XP_037543690.1,451745,Nematolebias whitei,116,MAALWLQSFSLLVLLVVSWPGSQAMNPPQHLCGSHLVDALYLVCGDRGFFYNPKRDVDPLLGFLPPKTGAGAVHGGENEVAEFAFKDQMEMMVKRGIVEQCCHNRCNIFDLQNYCN
XP_038173309.1,1047088,Arvicola amphibius,110,MALWMRLLPLMALLVLWEPNPAQAFVNQHLCGSHLVEALYLVCGERGFFYTPKSRRGVEDPQVAQLELGGGPGAGDLQTLALEVAQQKRGIVDQCCTSICSLYQLENYCN
XP_038563595.1,27706,Micropterus salmoides,160,MEYKWRGALLFCLTPTSSQSAALLLILLFITELLRPSPPPQISSMAALWLQSVSLLVLLIVSWPGSQAFTPPQHLCGSHLVDALYLVCGDRGFFYNPKRDVDPLMGFLPPKADGAAGAGGENEVAEFAFKDQMEMMVKRGIVEQCCHKPCNIPVLQNYCN
XP_038620471.1,9261,Tachyglossus aculeatus,106,MALWVTVLPLLGLLALSMPTPGEAFANQHLCGSHLVEALYLVCGEKGFYYIPRGRRDAEEPVVRGLLQNGLNDLESPSDLQVGKRGIVEECCKGVCSMYQLENYCN
XP_038844997.1,8040,Salvelinus namaycush,105,MAFWLQAASLLVLLALSPGADAAAAQHLCGSHLVDALYLVCGEKGFFYNPKRDVDPLIGFLSPKSAQENEEYPFKDQMEMMVKRGIVEQCCHKPCNIFDLQNYCN
XP_039081000.1,95912,Hyaena hyaena,110,MALWTRLLPLLALLALWTPAPTHAFVNQHLCGSHLVEALYLVCGERGFFYTPKARREAEDPQARDVELGGAPSAGGLQPPAPGGPLRKRGIVEQCCTSICSLYQLENYCN
XP_039393777.1,260615,Mauremys reevesii,106,MALWIRSLPLLALLALSGPPISHAAANQHLCGSHLVEALYLVCGERGFFYSPKARRDLEQPLVNGHLPNSVEELSFQQEYQQDKRGIVEQCCHNTCSLYQLENYCN
XP_039505830.1,90988,Pimephales promelas,108,MAVWLQAGALLFLLAVSSGNANAGAPQHLCGSHLVDALYLVCGPTGFFYNPKRDVDPLMGFLPPKSAQETEVADFAFKDHAELIRKRGIVEQCCHKPCSIFELQNYCN
XP_039584358.1,9160,Passer montanus,107,MALWIRSLPLLALLALSGPGSSHAAVNQHLCGSHLVEALYLVCGERGFFYQPKARRDVEQPLVSGPLHGELGELPFQQEEFETVKRGIVEQCCHNTCSLYQLENYCN
XP_039631678.1,55291,Polypterus senegalus,113,MLPSQPKLFLTVLVLIITAPYGTQGGVTQHLCGAHLVEALFFVCGEKGFFYTPGRGKREEAVEILMKQDAPYSRDARFLLEQSIDDGKAKRGIVEQCCYYSCTYYDLENYCNS
XP_039633717.1,8168,Perca fluviatilis,116,MAALWLQCVSLLAVLLVSWPGCQAAAQPQHLCGSHLVDALYLVCGERGFFYNPKRDVDPLMGFLPPKGGAAAAAGGENEVAEFAFKDQMEMMVKRGIVEQCCHRPCNIFDLQNYCN
XP_039696307.1,143291,Pteropus giganteus,110,MALWTRLLPLLALLGLWAPTPAPAFVSQHLCGSHLVEALYLVCGERGFFYTPKARRELEGPQGGEVELGGGPGAGSRQALALEGPPQKRGIVDQCCTSICSLYQLENYCN
XP_039888551.1,43689,Simochromis diagramma,113,MAALWLQTFSLLVLMMVSWPGSQAVGGPQHLCGSHLVDALYLVCGDRGFFYNPRRDVDPLLGFLPPKAGGAVVQGGENEVTFKDQMEMMVKRGIVEECCHKPCTIFDLQNYCN
XP_039924220.1,43150,Hirundo rustica,137,MGTLLPTVFIPQSELLSTSCCQLLGLSLPTMALWIRSLPLLALLALSGPGSSHAAVNQHLCGSHLVEALYLVCGERGFFYQPKARRDVEQPLVSGPLHGELGELPFQQEEFEKVKRGIVEQCCHNTCSLYQLENYCN
XP_040006846.1,8245,Xiphias gladius,116,MAALWLQSVSLLVLLIVSWPGSQAVAPPQHLCGSHLVDALYLVCGDRGFFYNPKRDVDPLLGFLPPKAGGAAAAGGENEVAEFAFKDQMEMMVKRGIVEQCCHKPCNIFDLQNYCN
XP_040038797.1,481459,Gasterosteus aculeatus aculeatus,117,MASLWLQSVSLLVLLVWSCPGSQAAAGPQHLCGSHLVDALYLVCGERGFFYNPKRDVDPLMGFLPPKVGGASAAAGGENEVAEFAFKDQMEMMVKRGIVEQCCHRPCNIFDLQNYCN
XP_040111257.1,59534,Oryx dammah,105,MALWTHLVPVLALLALWAPAPTRSFVNQHLCGSHLVEALYLVCGERGFFYTPKARREMESPQVGALELAGGPGAGGLEGPPQKRGIVEQCCAGVCSLYQLENYCN
XP_040184408.1,8407,Rana temporaria,140,MCEQAHNGHSDICHLSCEHSPSSFFSRFTIHLLIMALWIQCLPLAVLLSLFTPNAQAFPNQFLCGSHLVEALYMVCGDRGFFYSPRSRRDLEQPLVNGLQGSELDEMQVQSQGFQKRKPGIVEQCCHNTCSLYDMESYCA
XP_040264806.1,8384,Bufo bufo,110,MALWIQCLPLAILLFVFTPTTQALANQHLCGPHLVEALYLVCGERGFYYYPKVRRDLEQPLGKLNMNGPQGNELDGMQLPSQDFQMRKRGIVEQCCHSTCSLYELENYCN
XP_040322184.1,1608482,Puma yagouaroundi,110,MALWTRLLPLLVLLSLWTPAPTRAFVNQHLCGSHLVEALYLVCGERGFFYTPKARREAEDLQGKDAELGEAPGAGGLQPSALEAPLQKRGIVEQCCASVCSLYQLEHYCN
XP_040415493.1,8869,Cygnus olor,107,MALWIRSLPLLALLALSGPGISHAAANQHLCGSHLVEALYLVCGERGFFYSPKTRRDVEQPLVSGPLHGEVGELPFQHEEYQKVKRGIVEQCCENPCSLYQLENYCN
XP_040495583.1,29073,Ursus maritimus,109,MALWTRLLPLLALLAFWAPVPARTFVNQHLCGSHLVEALYLVCGERGFFYTPKARREVEDLPVRDARPEGVPGADPQPRALAGALQRRGIVEQCCTSICSLYQLENYCN
XP_040827010.1,130825,Ochotona curzoniae,105,MALWTRLLPLLALLIVWGPDPAQAFVNQHLCGSHLVEALYLVCGERGFFYTPKARRDVDELQGELGGAPSLGHTGPAELALQKRGIVEQCCSSICSLYQLENYCN
XP_040908267.1,941984,Toxotes jaculatrix,156,MGWRPSVLPHTNLLSAALLQLLLITDSPRPPPPALQVSSNMAALWLQSVSLLVLLIVSWPGSQAVAPPQHLCGSHLVDALYLVCGDRGFFYNPKRDVDPLLGFLPPKVGGAPAAGGENEVAEFAFKDQMEMMVKRGIVEQCCHKPCNIFDLQNYCN
XP_040985283.1,223781,Aquila chrysaetos chrysaetos,107,MALWIRSLPLLALLALSIPGTSHAAANQHLCGSHLVEALYLVCGERGFFYSPKARRDIEQPLVSGPLHGEVGELPFQQEEFEKVKRGIVEQCCHNTCSLYQLENYCN
XP_041271073.1,356909,Onychostruthus taczanowskii,137,MGTLLPTIFIPQSELLSTSCCHLLGLSLPTMALWIRSLPLLALLALSGPGSSHAAVNQHLCGSHLVEALYLVCGERGFFYQPKARRDVEQPLVSGPLHGELGELPFQQEEFEKVKRGIVEQCCHNTCSLYQLENYCN
XP_041337238.1,221976,Pyrgilauda ruficollis,137,MGTLLPTIFIPQSELLSTSCCHLLGLSLPTMALWIRSLPLLALLALSGPGSSHAAVNQHLCGSHLVEALYLVCGERGFFYQPKARRDVEQPLVSGPLHGELGELPFQQEEFEKVKRGIVEQCCHNTCSLYQLENYCN
XP_041521893.1,111838,Microtus oregoni,110,MALWMRLLPLLALLVLWEPNPAQAFVNQHLCGSHLVEALYLVCGERGFFYTPKSRRGVEDPQEAQLGLGGGPGAGDLQTLALEVAQQKRGIVDQCCTSICSLYQLENYCN
XP_041578098.1,494514,Vulpes lagopus,110,MALWMRLLPLLALLALWAPAPTRAFVNQHLCGSHLVEALYLVCGERGFFYTPKARREVEDLQVRDVDLAGAPGEGGLQPLALEGALQKRGIVEQCCTSICSLYQLENYCN
XP_041657839.1,241271,Cheilinus undulatus,120,MAALWLQSVSLLVLLVVSWPGTQAAAPPQHLCGSHLVDALYLVCGDRGFFYNPKRDVEPFKGFLPPKADGAATAGENEVAEFAFKDLAFKDQMEMMVKRGIVEQCCHRPCNLFDLQNYCN
XP_041743011.1,59861,Coregonus clupeaformis,105,MAFWLQVASLLVLLALSPGADAAAAQHLCGSHLVDALYLVCGEKGFFYNPKRDVDPLIGFLSPKSVQENEEYPFKDEMEMMVKRGIVEQCCHKPCNIFDLQNYCN
XP_041807552.1,109905,Chelmon rostratus,116,MAALWLQSVSLLILLIVSWPSTQAVAPPQHLCGSHLVDALYLVCGDRGFFYNPKRDVDPLLGFLPSKAGGAAATGGENEVAEYAFKDQMEMMVKRGIVEQCCHRPCNIFDLQNYCN
XP_041864533.1,1250792,Melanotaenia boesemani,115,MAALWLQSSLLVLLVASWTSSQAVAPSQHLCGSHLVDALYLVCGSNGFFYNPKRDVDPLLGFFHPKAVAAAAPGGENEVAEFAFKDKMEMMVKRGIVEQCCHKPCNIFDLQNYCN
XP_041894685.1,68294,Corvus kubaryi,137,MGTLLPTIFIPQTELLSTSCCHLLGLTLPTMALWIRSLPLLALLALSGPGSSHAAVSQHLCGSHLVEALYLVCGERGFFYQPKARRDVEQPLVSGPLHGELGELPFQQEEFEKVKRGIVEQCCHNTCSLYQLENYCD
XP_041947657.1,34773,Alosa sapidissima,119,MALWLQTAALLIVMALSTMGGDAATAQHLCGSHLVDALYLVCGDQGFFYNPKRDVDPLQEFLPPKSSQDNEVAEYPYKDMEETMLQRRGSVERRGIVEQCCHRPCSVFELQNYCNSLQN
XP_042287378.1,8240,Thunnus maccoyii,115,MAALWLQSVSLLVLLIVSWPGSQAVAPPQHLCGSHLVDALYLVCGDRGFFYNPKRDVDPLLGFLPPKAGGAAVGGDNEVAEFAFKDQMEMMVKRGIVEQCCHKPCNIFDLQNYCN
XP_042300965.1,8520,Sceloporus undulatus,107,MTLWISSLPLLVLIAVSAPTISRAIPNQHLCGSHLVEALYLVCGERGFYYSPKTRRNIEQPLVNGPLQNEVETLPFQPQEFQKMKRGIVQQCCENTCSLYELENYCN
XP_042337395.1,160734,Plectropomus leopardus,115,MAALWLQSVSLLVLLVVSWPGSQAATAPQHLCGSHLVDALYLVCGDRGFFYNPKRDVDSLMGFLPPKAGGAAAGGENEVAEFAYKDQMEMMVKRGIVEQCCHRPCNIFDLQNYCN
XP_042528552.1,105255,Dipodomys spectabilis,102,MALWTRLLPLLALLALWGACPAQAFVNQHLCGSHLVEALYLVCGERGFFYTPKSRRDAEDTQVGQLELGGGLALDLPPQKRGIVDQCCTSICSLYQLENYCN
XP_042670992.1,9002,Centrocercus urophasianus,107,MALWIRSLPLLALLVFSGPRTSYAAANQHLCGSHLVEALYLVCGERGFFYSPKVRRDVEQPLVSSPLRGEAGVLPFQQEEYEKVKRGIVEQCCHNTCSLYQLENYCN
XP_042740624.1,30410,Lagopus leucura,107,MALWIRSLPLLALLVFSGPRTSYAAANQHLCGSHLVEALYLVCGERGFFYSPKVRRDVEQPLVSSPLHGEAGVLPFQQEEYEKVKRGIVEQCCHNTCSLYQLENYCN
XP_042762151.1,9689,Panthera leo,110,MALWTRLLPLLALLSLWTPAPTRAFVNQHLCGSHLVEALYLVCGERGFFYTPKARREAEDLQGKDAELGEAPGAGGLQPSALEAPLQKRGIVEQCCASVCSLYQLEHYCN
XP_042815670.1,9694,Panthera tigris,110,MALWTRLLPLLALLSLWTPAPTRAFVNQHLCGSHLVEALYLVCGERGFFYTPKARREAEDLQGKDVELGEAPGAGGLQPSALEAPLQKRGIVEQCCASVCSLYQLEHYCN
XP_043094266.1,1606681,Puntigrus tetrazona,108,MAVWLQAGALLFLLAVSSVNANAGAPQHLCGSHLVDALYLVCGPTGFFYNPKRDVDPLLGFLPPKSAQETEVADFAFKDHAELIRKRGIVEQCCHKPCSIFELQNYCN
XP_043307924.1,1574408,Cervus canadensis,105,MALWTRLLPLLALLALCAPAPAGAFVNQHLCGSHLVEALYLVCGERGFFYTPKARREVDGPQVGALELAGGPGAGGLEGPPQKRGIVEQCCTSICSLYQLENYCN
XP_043437955.1,37029,Prionailurus bengalensis,110,MALWTRLLPLLALLCLWTPAPTRAFVNQHLCGSHLVEALYLVCGERGFFYTPKARREAEDLQGKDAELGEAPGAGGLQPSALEAPLQKRGIVEQCCASVCSLYQLEHYCN
XP_043827800.1,33562,Dromiciops gliroides,103,MAPWIASLSLTALLVLSTPPAGKALVNQHLCGSHLVEALYLVCGERGFFYTPKARRDVEQPLVGEAGGEELPFPPEYQLQKRGIVEQCCNSICSLYQLETYCN
XP_043897175.1,28829,Solea senegalensis,118,MAALWLQSVSLLVLLMASWPAGAQAVSAPQHLCGSHLVDALYLVCGDRGFFYNPKRDVDPLLGFLPAKVGGASAAAGSENEAAEFAFKDQMEMMVKRGIVEQCCHKPCNIFDLQNYCN
